id,naam,email,bsn,telefoon,postcode
1,Ali Schellekens,noelleengels@example.org,786579303,06-60992979,4598 VK
2,Finn Jansdr-Goyaerts van Waderle,wdoornhem@example.net,219540831,06-22981052,1916 HB
3,Melle van Brenen,hamzavan-olst@example.net,126855092,06-58181396,6168 MI
4,Amin Gellemeyer,maartenvan-der-brink@example.net,896233790,06-56164955,2084 GS
5,Floris van de Elzas-Blonk,imeyer@example.net,395310485,06-91030736,6155 GU
6,Raf van der Spaendonc-van Bernicia,joellethout@example.com,362950628,06-45503389,9179 MU
7,Kian Schilt-Amalrada,tijmen87@example.org,339670711,06-15831819,8517 EI
8,Philip van Breugel,kickdennenberg@example.com,249827706,06-71662963,3287 HX
9,Fenne Ketting,oomselize@example.org,890779946,06-81971316,9830 IX
10,Wouter Verwoert-Goyaerts van Waderle,driesjolijn@example.net,210053353,06-26753883,8019 SM
11,Jonathan Gerritsen,oennencolin@example.org,826600539,06-60806024,6930 HE
12,Sanne Waltrade Walderade,cornelis83@example.com,895285932,06-20576383,9348 PC
13,Puk Broekhoven,imiltenburg@example.org,685582861,06-84093639,1771 DE
14,Linde Hoes-de Groot,ypeters@example.com,193349856,06-49349722,3621 ZV
15,Mason Smits,glips@example.org,734036506,06-94374605,7916 TC
16,Lize Loreal,bwillems@example.com,553035110,06-93016315,7304 MT
17,Arthur Oda,rclaassen@example.net,134126396,06-58537831,8668 QI
18,Azra Osterhoudt,dachgelderseth@example.net,131994523,06-87490893,1188 VX
19,Jonathan Schilt,luna13@example.org,200604502,06-35808537,2876 VR
20,Madelief Wunderink-Kok,bibivan-haarlem@example.org,334760738,06-19335534,5371 YU
21,Isabel Mercks,rle-grand@example.com,349817734,06-16150444,6573 DJ
22,Mila Driessen,noraheijkelboom@example.com,642621108,06-98753260,8123 FO
23,Mads Pieters,cammelhannah@example.net,746412689,06-40587988,1053 XX
24,Kyano de Gruijl,gellemeyersilke@example.org,128492780,06-48840994,5315 QY
25,Tirza Mosley,silvan-salmen@example.com,702632297,06-20709497,3927 QD
26,Sam Coolen,nisade-wit@example.org,313500298,06-41244663,5889 UQ
27,Sjoerd Bos-Totwiller,rubenadelaar@example.com,868820204,06-23556182,4258 EL
28,Fem Dijkstra,silke74@example.com,797808098,06-61019678,3646 RY
29,Tycho Tins-Michielsen,mketel@example.com,853041955,06-47308985,9689 AT
30,Jayda van Kusen-Janssen,yasminecornelissen@example.net,685126461,06-70855700,6310 PA
31,Danique Ponci,timmermansbrian@example.org,550455977,06-95320121,2832 LZ
32,Nisa van Dam,hvan-de-biezenbos@example.org,336696312,06-58966946,6038 HB
33,Isabelle Mosley,van-de-pavertdaniel@example.org,582334538,06-31831063,4946 SC
34,Lucas van Venrooy,doesburgisis@example.org,732719211,06-59684848,2403 XP
35,Rowan Brumleve,kheribert-van-laon@example.org,398704996,06-57683626,2133 YR
36,Dani Kloppert,evertssten@example.net,969119330,06-38119557,3060 EV
37,Lola Demmendaal,sophie43@example.net,106977991,06-99949389,8787 RF
38,Jade van Mare,leon46@example.org,914763202,06-45833156,5342 QT
39,Zeynep Backer,tygo51@example.org,965241839,06-96977837,7932 GR
40,Olivier van der Linden,egoderts@example.net,271432881,06-19583482,4295 WJ
41,Norah Voortman,amirarousselet@example.org,849621470,06-91756179,7537 VU
42,Jake van Duvenvoirde,olivia13@example.com,553778756,06-95225343,7118 OQ
43,Koen Adriaensdr,jason78@example.net,465341213,06-32969840,8397 DH
44,Zeynep van Wijland,evy80@example.net,398362082,06-81691040,4681 CK
45,Luca Guit,sophia12@example.com,266944844,06-42857966,1344 SR
46,Sam van de Noordmark,haengrevelaura@example.net,331191390,06-31931511,4770 SH
47,Dani de Bont-Koeman,markschrik@example.net,919795579,06-72043515,1117 CW
48,Micha Vegt,juliewalsteijn@example.org,461415646,06-60929647,1964 HC
49,Alyssa Heerkens-Wouters,amina74@example.org,209747451,06-46231783,1514 KC
50,Evie Cornelisse,van-breukelveenmelissa@example.com,199585092,06-95899313,9423 HI
